{"cameraMode":{"drawMode":0,"name":"Shaded","section":"Shading Mode"},"sceneLighting":true,"audioPlay":false,"sceneViewState":{"m_AlwaysRefresh":false,"showFog":true,"showSkybox":true,"showFlares":true,"showImageEffects":true,"showParticleSystems":true,"showVisualEffectGraphs":true,"m_FxEnabled":true},"in2DMode":false,"pivot":{"x":2.749117851257324,"y":2.7322754859924318,"z":3.8757503032684328},"rotation":{"x":0.0196782648563385,"y":-0.9535548686981201,"z":0.06388655304908753,"w":0.29371193051338198},"size":3.8904688358306886,"orthographic":true}