{"cameraMode":{"drawMode":0,"name":"Shaded","section":"Shading Mode"},"sceneLighting":true,"audioPlay":false,"sceneViewState":{"m_AlwaysRefresh":false,"showFog":true,"showSkybox":true,"showFlares":true,"showImageEffects":true,"showParticleSystems":true,"showVisualEffectGraphs":true,"m_FxEnabled":true},"in2DMode":false,"pivot":{"x":-2.7552740573883058,"y":-0.7789032459259033,"z":10.862239837646485},"rotation":{"x":-0.15947531163692475,"y":-0.3438284695148468,"z":0.05938427150249481,"w":-0.9235154986381531},"size":7.625730037689209,"orthographic":false}