{"cameraMode":{"drawMode":0,"name":"Shaded","section":"Shading Mode"},"sceneLighting":true,"audioPlay":false,"sceneViewState":{"m_AlwaysRefresh":false,"showFog":true,"showSkybox":true,"showFlares":true,"showImageEffects":true,"showParticleSystems":true,"showVisualEffectGraphs":true,"m_FxEnabled":true},"in2DMode":false,"pivot":{"x":1.3491262197494507,"y":0.11541683971881867,"z":3.410486936569214},"rotation":{"x":0.22620061039924622,"y":0.20280560851097108,"z":-0.048215046525001529,"w":0.9514991641044617},"size":4.147249221801758,"orthographic":true}