{"cameraMode":{"drawMode":0,"name":"Shaded","section":"Shading Mode"},"sceneLighting":true,"audioPlay":false,"sceneViewState":{"m_AlwaysRefresh":false,"showFog":true,"showSkybox":true,"showFlares":true,"showImageEffects":true,"showParticleSystems":true,"showVisualEffectGraphs":true,"m_FxEnabled":true},"in2DMode":false,"pivot":{"x":-0.48877620697021487,"y":0.013045310974121094,"z":-10.661184310913086},"rotation":{"x":-0.011496714316308499,"y":-0.9880998730659485,"z":0.12215375900268555,"w":-0.09304637461900711},"size":22.448787689208986,"orthographic":false}