{"cameraMode":{"drawMode":0,"name":"Shaded","section":"Shading Mode"},"sceneLighting":true,"audioPlay":false,"sceneViewState":{"m_AlwaysRefresh":false,"showFog":true,"showSkybox":true,"showFlares":true,"showImageEffects":true,"showParticleSystems":true,"showVisualEffectGraphs":true,"m_FxEnabled":true},"in2DMode":false,"pivot":{"x":106.0004653930664,"y":0.9993201494216919,"z":91.02178955078125},"rotation":{"x":0.04676065593957901,"y":0.9440677762031555,"z":-0.28831344842910769,"w":0.15312519669532777},"size":19.73259162902832,"orthographic":false}