{"cameraMode":{"drawMode":0,"name":"Shaded","section":"Shading Mode"},"sceneLighting":true,"audioPlay":false,"sceneViewState":{"m_AlwaysRefresh":false,"showFog":true,"showSkybox":true,"showFlares":true,"showImageEffects":true,"showParticleSystems":true,"showVisualEffectGraphs":true,"m_FxEnabled":true},"in2DMode":false,"pivot":{"x":-1.7850981950759888,"y":1.2894736528396607,"z":-3.477112293243408},"rotation":{"x":-0.0016299202106893063,"y":0.9925779700279236,"z":-0.013401031494140625,"w":-0.12089751660823822},"size":8.918968200683594,"orthographic":false}